{
    "type": "minecraft:crafting_shaped",
    "category": "misc",
    "pattern": [
      "GSG",
      "SES",
      "GSG"
    ],
    "key": {
      "E": "ender_pearl",
      "S": [
        "minecraft:soul_sand"
      ],
      "G": [
        "minecraft:glowstone_dust"
      ]
    },
    "result": {
      "id": "minecraft:warped_fungus_on_a_stick",
      "components": {
        "minecraft:item_model": "alakazam:soul_seeker",
        "minecraft:item_name": "{\"italic\":false,\"text\":\"Soul Seeker\"}",
                "custom_data": {"soul_seeker":1}
      },
      "count": 1
    }
  }