

{
	"pools": [
		{
			"rolls": 1,
			"entries": [
				{
					"type": "minecraft:item",
					"name": "minecraft:item_frame",
					"functions": [
						{
							"function": "minecraft:set_components",
							"components": {
								"minecraft:item_model": "alakazam:ender_quarry",
								"minecraft:item_name": "{\"italic\":false,\"text\":\"Ender Quarry\"}",
                				"minecraft:entity_data": "{id:\"minecraft:item_frame\",Fixed:1b,Invisible:1b,Silent:1b,Tags:[\"alakazam.custom_block\",\"alakazam.ender_quarry\"],Facing:1b}",
								"lore": ["{\"text\": \"Alakazam\",\"color\": \"#bf00ff\",\"italic\": false}"]
							}
						}
					]
				}
			]
		}
	]
}