{
    "pools": [
        {
            "rolls": 1,
            "entries": [
                {
                    "name": "poisonous_potato",
                    "type": "item",
                    "functions": [
                        {
                            "function": "set_name",
                            "name": "Music disc"
                        },
                        {
                            "function": "set_components",
                            "components": {"item_model":"alakazam:nostalgia_disc","food":{},"jukebox_playable":{"song":"alakazam:nostalgia","show_in_tooltip":true,"max_stack_size":1,"consumable":{}}}
                        }
                    ]
                }
            ]
        }
    ]
}