{
  "description": "Ampihious",
  "supported_items": "#minecraft:enchantable/mining",
  "primary_items": "#minecraft:pickaxes",
  "weight": 35,
  "max_level": 3,
  "min_cost": {
    "base": 3,
    "per_level_above_first": 2
  },
  "max_cost": {
    "base": 17,
    "per_level_above_first": 5
  },
  "anvil_cost": 7,
  "slots": [
    "feet"
  ],
  "effects": {
    "minecraft:attributes": [
      {
        "attribute": "minecraft:submerged_mining_speed",
        "id": "minecraft:submerged_mining_speed",
        "amount": {
          "type": "minecraft:linear",
          "base": 2,
          "per_level_above_first": 1
        },
        "operation": "add_value"
      }
    ]
  }
}