{
  "description": "Scaling",
  "supported_items": "#minecraft:enchantable/foot_armor",
  "primary_items": "#minecraft:foot_armor",
  "weight": 35,
  "max_level": 3,
  "min_cost": {
    "base": 1,
    "per_level_above_first": 6
  },
  "max_cost": {
    "base": 10,
    "per_level_above_first": 18
  },
  "anvil_cost": 7,
  "slots": [
    "feet"
  ],
  "effects": {
    "minecraft:attributes": [
      {
        "attribute": "minecraft:step_height",
        "id": "minecraft:step_height",
        "amount": {
          "type": "minecraft:linear",
          "base": 1,
          "per_level_above_first": 1
        },
        "operation": "add_value"
      }
    ]
  }
}