{
    "pools": [
        {
            "rolls": 1,
            "entries": [
                {
                    "type": "item",
                    "name": "warped_fungus_on_a_stick",
                    "functions": [
                        {
                            "function": "set_components",
                            "components": {
								"minecraft:item_model": "alakazam:ice_spell_book",
								"minecraft:item_name": "{\"italic\":false,\"text\":\"Spell Book\"}",
                				"custom_data": {"ice_book":1,"spell_book":1}
							}
                        },
                        {
                          "function": "minecraft:set_lore",
                          "entity": "this",
                          "lore": [
                            {
                              "text": "Ice",
                              "color": "#03fcf4",
                              "italic": false
                            }
                          ],
                          "mode": "replace_all"
                        }
                    ]
                }
            ]
        }
    ]
}