{
    "display": {
        "title": "Creaking Control",
        "description": "Craft a Creaking Heart into a Biome Heart",
        "icon": {
            "id": "item_frame",
            "components": {
                "item_model": "alakazam:biome_heart"
            }
        }
    },
    "criteria": {
        "biome_heart": {
            "trigger": "inventory_changed",
            "conditions": {
                "items": [
                    {
                        "items": "item_frame",
                        "components": {"item_model": "alakazam:biome_heart"}
                    }
                ]
            }
        }
    },
    "parent": "alakazam:root"
}