{
    "display": {
        "icon": {
            "id": "item_frame",
            "components": {
                "item_model": "alakazam:soul_seeker"
            }
        },
        "title": "With My Little Eye",
        "description": "Craft a Soul Seeker"

    },
    "criteria": {
        "enderquarryget" : {
            "trigger": "inventory_changed",
            "conditions": {
                "items": [
                    {
                        "items": "warped_fungus_on_a_stick",
                        "components": {
                            "item_model": "alakazam:soul_seeker"
                        }
                    }
                ]
            }
        }
    },
    "parent": "alakazam:root"
}