{
    "display": {
        "title": "Master Mage",
        "description": "Collect All Types Spell Books",
        "icon": {
            "id": "minecraft:enchanted_book"
    }
    },
    "criteria": {
        "spell_book_collect_flame": {
            "trigger": "inventory_changed",
            "conditions": {
                "items": [
                    {
                        "items": "warped_fungus_on_a_stick",
                        "predicates": {"minecraft:custom_data":"{flame_book:1b}"}
                        
                    }
                ]
            }
        },
        "spell_book_collect_ice": {
            "trigger": "inventory_changed",
            "conditions": {
                "items": [
                    {
                        "items": "warped_fungus_on_a_stick",
                        "predicates": {"minecraft:custom_data":"{sculk_book:1b}"}
                        
                    }
                ]
            }
        }
    },
    "parent": "alakazam:spell_book_collect"
}

