

{
	"pools": [
		{
			"rolls": 1,
			"entries": [
				{
					"type": "minecraft:item",
					"name": "minecraft:warped_fungus_on_a_stick",
					"functions": [
						{
							"function": "minecraft:set_components",
							"components": {
								"minecraft:item_model": "alakazam:soul_seeker",
								"minecraft:item_name": "{\"italic\":false,\"text\":\"Soul Seeker\"}",
                				"custom_data": {"soul_seeker":1},
								"lore": ["{\"text\": \"Alakazam\",\"color\": \"#bf00ff\",\"italic\": false}"]
							}
						}
					]
				}
			]
		}
	]
}