{
    "pools": [
        {
            "rolls": 1,
            "entries": [
                {
                    "type": "item",
                    "name": "warped_fungus_on_a_stick",
                    "functions": [
                        {
                            "function": "set_components",
                            "components": {
								"minecraft:item_model": "alakazam:fire_spell_book",
								"minecraft:item_name": "{\"italic\":false,\"text\":\"Spell Book\"}",
                				"custom_data": {"flame_book":1,"spell_book":1,"smithed":{"ignore":{"crafting":1}}},
                                "lore": ["{\"text\": \"Alakazam\",\"color\": \"#bf00ff\",\"italic\": false}"],
                                "damage": 0,
                                "max_damage": 35,
                                "repairable": {"items":["blaze_powder","blaze_rod"]}
							}
                        },
                        {
                          "function": "minecraft:set_lore",
                          "entity": "this",
                          "lore": [
                            {
                              "text": "Flame",
                              "color": "red",
                              "italic": false
                            }
                          ],
                          "mode": "replace_all"
                        }
                    ]
                }
            ]
        }
    ]
}