{
    "display": {
        "title": "Incoming spell!",
        "description": "Collect a Spell Book",
        "icon": {
            "id": "warped_fungus_on_a_stick",
            "components": {"item_model":"alakazam:fire_spell_book"}
    }
    },
    "criteria": {
        "spell_book_collect": {
            "trigger": "inventory_changed",
            "conditions": {
                "items": [
                    {
                        "items": "warped_fungus_on_a_stick",
                        "predicates": {"minecraft:custom_data":"{spell_book:1b}"}
                        
                    }
                ]
            }
        }
    },
    "parent": "alakazam:root"
}

