

{
	"pools": [
		{
			"rolls": 1,
			"entries": [
				{
					"type": "minecraft:item",
					"name": "minecraft:item_frame",
					"functions": [
						{
							"function": "minecraft:set_components",
							"components": {
								"minecraft:item_model": "alakazam:biome_heart",
								"minecraft:item_name": "{\"italic\":false,\"text\":\"Biome Heart\"}",
                				"minecraft:entity_data": "{id:\"minecraft:item_frame\",Fixed:1b,Invisible:1b,Silent:1b,Tags:[\"alakazam.custom_block\",\"alakazam.biome_heart\"],Facing:1b}"
							}
						}
					]
				}
			]
		}
	]
}